state_code,county_code,pap_smear,mammogram,proctoscopy,pneumo_vax,flu_vac
1,3,86.1,82.0,44.1,58.7,61.8
1,9,87.2,,,,
1,15,82.7,76.5,46.2,57.3,56.2
1,17,87.9,,,,
1,31,82.1,,,,
1,33,84.3,,,,
1,39,84.6,,,,
1,47,87.1,,,,
1,49,84.8,,,,
1,51,90.3,,,,
1,53,85.6,,,,
1,55,77.6,77.2,38.9,61.7,57.6
1,59,85.0,,,,
1,69,84.4,87.6,,,
1,71,82.3,,,,
1,73,86.9,85.4,50.0,63.1,65.9
1,77,79.3,,32.9,67.3,70.1
1,81,77.5,,,,
1,83,90.4,,,,
1,89,85.1,81.5,45.9,66.3,70.8
1,95,76.9,,,,
1,97,83.4,76.8,36.9,64.8,64.9
1,101,84.8,83.4,44.8,61.9,66.1
1,103,84.9,81.5,36.0,,
1,115,81.2,,,,
1,117,91.9,85.7,44.0,,62.8
1,121,78.5,,,,
1,125,83.5,84.2,46.0,56.5,59.4
1,127,75.1,,,,
4,1,78.8,70.1,32.8,,
4,3,77.5,73.4,44.4,64.7,65.3
4,5,84.9,77.4,40.0,64.5,69.2
4,7,77.1,78.7,43.0,63.0,63.8
4,9,74.6,,29.3,,
4,13,85.2,84.4,46.0,68.8,67.8
4,15,73.6,74.3,37.6,62.7,59.2
4,17,75.9,70.8,32.6,62.4,61.6
4,19,82.4,82.5,47.3,68.2,68.3
4,21,82.0,79.5,45.2,69.5,71.3
4,23,86.0,82.1,36.3,,
4,25,76.8,82.9,46.1,72.5,66.7
4,27,77.3,79.6,43.1,63.5,59.8
5,1,70.8,71.3,,,
5,3,76.7,,,,
5,5,77.9,77.1,48.2,59.5,66.5
5,7,78.1,77.6,46.7,66.0,70.2
5,9,75.2,67.9,33.2,65.4,70.4
5,11,80.6,,,,
5,15,69.2,69.6,,,
5,19,70.9,,,,
5,21,74.4,,,,
5,23,78.3,81.1,,,75.7
5,25,87.1,,,,
5,27,86.2,74.1,23.8,,
5,29,79.2,,,,
5,31,83.4,71.6,38.0,60.7,61.9
5,33,72.4,67.0,32.4,,
5,35,77.9,73.2,26.3,,
5,37,79.3,,,,
5,43,74.0,,,,
5,45,82.3,76.9,44.0,61.5,71.4
5,47,73.9,,,,
5,49,75.5,,,,
5,51,71.7,74.0,42.6,62.5,69.8
5,53,83.0,,,,
5,55,72.7,60.6,34.4,,
5,57,82.5,,,,
5,59,73.6,74.6,33.3,,83.3
5,61,82.0,,,,
5,63,74.8,73.6,,,
5,67,73.0,,,,
5,69,84.9,78.0,39.8,,75.4
5,75,79.3,,,,
5,81,84.4,,,,
5,83,72.3,,,,
5,85,79.9,74.5,39.4,,
5,87,73.2,,,,
5,89,75.7,85.2,,,
5,91,73.3,58.3,,,
5,93,76.8,68.2,33.2,,
5,99,81.0,,,,
5,103,73.5,77.2,,,
5,107,73.8,,,,
5,111,72.1,79.9,,,
5,113,76.4,66.2,,,
5,115,75.5,71.9,36.3,,
5,119,82.9,78.9,50.0,62.3,66.3
5,121,70.7,,,,
5,123,73.9,,,,
5,125,79.3,79.3,50.8,57.4,74.6
5,131,77.1,75.7,39.4,68.9,69.0
5,133,73.0,,,,
5,139,78.7,73.0,28.6,,
5,141,69.8,,,,
5,143,78.0,74.6,36.8,61.8,65.6
5,145,79.1,67.6,28.5,64.9,75.1
5,149,70.4,,,,
6,1,81.9,79.8,48.7,62.5,68.1
6,7,86.7,87.8,,,
6,13,81.5,85.6,49.8,58.7,74.0
6,19,69.9,85.0,,,
6,29,75.3,83.6,45.6,,
6,37,81.3,79.3,40.3,58.7,66.1
6,41,80.5,,,,
6,47,92.8,,,,
6,53,85.0,,,,
6,59,83.6,86.1,49.4,62.0,74.1
6,61,88.6,94.6,,,74.5
6,65,76.8,79.7,47.4,60.2,63.6
6,67,81.9,83.5,50.3,78.6,78.4
6,71,81.5,78.8,38.8,65.6,69.7
6,73,82.7,80.8,44.1,69.3,74.6
6,75,84.5,,,,
6,77,78.5,,38.1,,
6,79,,,,,77.2
6,81,85.4,89.5,43.0,61.3,71.4
6,85,79.7,91.2,47.4,60.8,67.6
6,89,81.0,,,,
6,95,87.7,93.6,,,
6,97,76.0,78.9,44.2,,72.6
6,99,79.5,91.9,,,75.2
6,107,82.5,,,,
6,111,78.6,87.1,47.7,52.9,69.9
8,1,79.8,77.5,29.3,78.2,81.7
8,5,84.6,84.9,45.0,70.6,80.6
8,13,85.9,84.2,46.6,72.7,83.3
8,29,76.9,,,,
8,31,80.8,73.5,38.7,72.9,73.9
8,35,87.3,86.5,42.0,,
8,37,91.4,,,,
8,39,92.6,,,,
8,41,83.7,78.5,49.6,65.7,73.0
8,43,79.8,,28.0,,
8,45,84.9,,,,
8,59,85.8,80.4,45.0,71.6,76.8
8,67,77.0,,,,
8,69,84.9,86.0,54.9,75.4,76.6
8,75,93.6,,,,
8,77,85.3,81.5,45.5,79.1,75.4
8,85,,,,,86.6
8,87,83.1,,,,
8,101,80.8,74.8,32.3,60.8,70.8
8,117,94.5,,,,
8,123,84.1,78.1,38.2,67.7,78.9
8,125,91.6,,,,
9,1,86.2,83.3,55.2,60.1,70.8
9,3,83.6,86.0,55.9,67.8,72.1
9,5,85.2,84.1,51.6,72.9,73.8
9,7,85.4,87.4,58.2,69.0,73.1
9,9,82.6,82.4,54.4,67.0,72.3
9,11,87.1,84.2,54.0,71.1,67.0
9,13,85.9,86.1,53.7,64.1,68.4
9,15,83.1,80.3,50.7,71.5,76.9
10,1,86.6,85.0,54.1,66.9,68.6
10,3,87.7,88.0,57.0,65.2,70.6
10,5,87.4,85.5,57.9,68.9,66.8
11,1,87.0,84.7,54.5,50.3,58.0
12,1,85.1,83.3,50.4,,
12,5,,80.8,56.7,64.5,65.5
12,9,80.4,80.5,50.1,62.6,60.7
12,11,82.0,81.6,44.9,60.7,56.8
12,15,76.7,85.3,46.8,63.1,61.8
12,17,,77.4,59.6,68.1,62.8
12,19,87.6,86.2,42.1,,
12,21,77.3,83.5,58.3,59.6,67.4
12,31,86.1,84.7,44.1,63.2,62.6
12,33,83.0,76.4,55.7,57.1,51.1
12,35,83.7,91.0,54.6,65.1,61.2
12,45,,90.3,,,
12,53,77.7,81.8,41.8,67.7,59.5
12,55,75.5,,47.3,,66.4
12,57,85.4,82.1,43.9,63.2,54.7
12,59,,90.2,,,
12,61,78.9,82.6,53.3,67.4,66.6
12,65,88.5,,,,
12,69,78.1,77.7,50.3,66.5,63.6
12,71,78.4,81.9,54.9,64.4,64.3
12,73,87.9,88.5,60.8,,
12,75,78.9,,,,
12,79,92.4,,,,
12,81,81.3,85.3,47.1,69.6,61.3
12,83,80.8,80.5,46.5,59.5,56.6
12,85,77.7,,58.1,,
12,86,80.8,78.0,41.9,38.9,45.8
12,87,88.4,,,,
12,89,89.0,,,,
12,91,81.4,85.8,57.8,60.0,67.5
12,95,83.4,75.6,52.9,64.3,59.3
12,97,76.4,80.6,35.4,,
12,99,82.4,87.8,56.9,65.2,62.4
12,101,82.0,83.8,47.6,70.9,64.2
12,103,82.8,82.9,52.9,65.8,65.4
12,105,79.0,77.9,49.0,63.7,61.9
12,107,82.3,88.1,,,
12,109,84.7,74.5,53.6,,
12,111,74.0,77.1,48.3,64.5,55.9
12,113,88.3,89.9,54.5,,
12,115,82.1,86.9,57.5,70.9,68.8
12,117,83.8,82.3,44.3,,
12,123,91.2,90.6,,,
12,125,90.9,,,,
12,127,80.9,87.9,49.3,61.7,64.7
12,129,,,,82.9,79.3
13,1,81.5,,,,
13,9,92.4,85.9,,,
13,13,84.8,81.0,,,
13,15,86.5,85.3,,,
13,19,78.4,,,,
13,21,88.1,85.9,53.1,57.6,55.2
13,23,82.2,,,,
13,25,82.1,,,,
13,27,80.9,,,,
13,29,91.2,,,,
13,31,79.5,76.8,39.6,,
13,33,88.2,,,,
13,39,86.8,,,,
13,45,86.5,,,,
13,47,78.4,,,,
13,51,86.1,82.2,52.6,57.6,63.5
13,55,80.8,,,,
13,57,89.5,84.0,52.5,,
13,59,87.1,83.6,54.2,,
13,63,89.4,79.1,49.4,62.5,59.8
13,67,89.9,84.4,54.2,68.0,64.9
13,69,78.7,,,,
13,71,81.4,83.8,,,
13,73,89.4,83.1,51.4,,
13,75,83.9,,,,
13,87,83.5,,,,
13,89,89.6,85.9,56.0,66.5,65.9
13,91,87.2,75.8,,,
13,95,88.4,88.5,50.9,,
13,97,84.8,,,,
13,103,83.1,81.3,,,
13,105,83.7,,,,
13,107,85.8,,,,
13,113,94.6,86.7,,,
13,115,80.3,78.6,46.7,,
13,117,92.8,86.1,,,
13,119,86.6,,,,
13,121,89.2,85.5,54.1,62.1,65.1
13,127,87.1,81.2,58.6,63.2,67.5
13,129,83.0,,,,
13,133,92.7,,,,
13,135,88.7,83.5,46.9,69.3,69.3
13,137,85.5,,,,
13,139,86.1,80.0,47.8,,
13,147,84.1,,,,
13,151,85.3,81.9,,,
13,153,89.5,84.6,31.5,81.6,
13,157,77.0,,,,
13,167,89.6,,,,
13,175,81.2,73.0,38.7,57.6,62.5
13,177,91.1,,,,
13,179,89.0,86.9,,,
13,185,87.4,82.3,52.7,,63.5
13,189,88.7,,,,
13,195,92.7,,,,
13,205,84.9,,,,
13,207,88.8,,,,
13,211,86.5,,,,
13,213,86.5,,,,
13,215,84.9,79.8,43.4,48.1,52.2
13,217,88.8,,,,
13,219,87.9,,,,
13,221,96.3,,,,
13,223,88.3,,,,
13,227,86.3,,,,
13,229,80.0,,,,
13,235,86.7,,,,
13,245,87.5,82.9,45.6,66.2,67.0
13,247,91.9,92.9,,,
13,251,82.8,,,,
13,255,83.2,,,,
13,261,90.7,,,,
13,267,88.0,,,,
13,271,79.9,,,,
13,275,85.5,,,,
13,277,78.8,,,,
13,279,77.4,,,,
13,283,90.4,,,,
13,285,81.2,86.7,,,
13,291,82.2,,,,
13,295,76.1,76.7,,,
13,297,84.9,88.9,,,
13,299,83.2,79.8,,,
13,305,84.2,,,,
13,313,83.5,78.0,39.5,76.8,73.5
13,315,86.3,,,,
13,321,80.4,,,,
15,1,84.0,79.6,38.9,61.4,68.9
15,3,85.3,81.4,44.8,66.8,77.0
15,7,81.1,80.1,42.2,66.9,77.5
15,9,85.0,79.2,37.3,61.4,70.2
16,1,81.4,78.7,45.0,66.3,69.1
16,5,75.4,71.4,36.7,58.2,67.9
16,9,77.0,,24.9,,
16,11,74.4,68.4,31.8,49.8,65.2
16,13,84.5,,51.5,,
16,17,74.9,71.1,28.2,57.2,66.0
16,19,72.7,69.9,40.9,56.9,63.6
16,21,69.7,,,,
16,27,75.9,68.1,38.5,65.8,62.9
16,29,77.8,,,,
16,31,66.6,,34.0,57.2,70.8
16,35,72.9,,36.7,71.8,65.8
16,39,84.1,,,,
16,41,62.6,,,,
16,43,77.6,,,,74.0
16,45,71.2,,21.8,,
16,47,68.4,,39.1,,64.8
16,49,71.4,66.0,32.3,60.8,53.2
16,51,66.5,,38.9,,67.8
16,53,59.1,,31.1,,73.1
16,55,78.3,77.3,44.8,60.9,64.7
16,57,79.7,69.0,43.2,58.2,74.5
16,59,76.6,,29.4,,
16,65,58.9,,44.0,,
16,67,67.3,,31.7,66.2,67.5
16,69,76.7,72.9,52.4,62.5,70.8
16,75,67.4,72.1,32.8,64.7,59.3
16,79,65.7,,30.3,,64.5
16,81,78.1,,,,
16,83,72.4,71.6,38.5,69.0,70.1
16,87,,,20.4,,
17,19,81.9,90.7,,76.2,79.5
17,29,93.2,,,,
17,31,83.2,80.3,38.8,51.7,56.8
17,37,83.1,,,,
17,43,85.6,78.2,45.4,57.9,65.4
17,89,80.5,85.3,38.2,62.8,62.3
17,91,82.2,,,,
17,97,78.5,81.4,40.2,57.1,58.9
17,111,84.2,,34.1,,
17,113,81.0,,,,
17,119,84.5,78.9,42.2,57.4,67.0
17,141,92.9,,,,
17,143,87.0,81.6,35.6,,
17,161,76.3,81.4,44.0,73.6,72.3
17,163,83.2,,38.9,52.1,66.1
17,167,84.1,82.6,32.9,,74.0
17,179,80.5,,,,
17,183,86.4,,,,
17,195,88.0,,,,
17,197,80.9,79.2,35.1,37.8,53.5
17,201,87.2,78.6,51.5,66.8,66.9
18,3,83.9,74.0,43.5,63.7,61.3
18,5,82.6,,49.8,,
18,11,88.8,,,,
18,19,77.6,76.0,44.5,,
18,29,89.3,,,,
18,33,80.7,,,,
18,35,68.4,74.5,47.9,65.9,69.7
18,39,79.0,75.0,38.2,53.2,62.1
18,43,80.5,,55.1,,
18,53,75.0,82.5,44.8,,72.3
18,57,85.2,77.7,48.0,63.4,70.9
18,59,80.8,87.9,57.0,,
18,61,84.3,,,,
18,63,84.0,86.1,42.4,77.0,77.8
18,67,74.4,,43.4,,64.4
18,69,86.8,,,,
18,71,78.4,,,,
18,73,85.0,,,,
18,81,88.2,87.9,49.5,,66.1
18,85,74.0,,29.0,,
18,89,77.2,73.3,34.4,51.6,53.6
18,91,76.1,72.6,37.6,64.2,61.0
18,93,73.7,,,,
18,95,74.3,78.0,37.1,67.5,67.9
18,97,82.6,76.3,47.3,69.6,68.8
18,99,77.5,,,,
18,105,81.0,72.3,50.2,70.8,79.0
18,109,79.7,,,,
18,113,83.9,,22.0,,
18,127,76.3,82.4,31.9,60.7,65.0
18,133,81.7,,,,
18,141,79.9,73.9,41.1,70.5,70.4
18,145,80.5,,,,
18,157,82.0,77.3,39.9,66.2,70.7
18,163,85.6,83.9,50.6,74.0,69.9
18,167,74.5,,43.9,74.1,68.5
18,173,84.6,,,,
18,177,78.6,,37.9,,
18,181,84.1,,,,
19,1,78.9,,,,
19,11,,82.2,,,
19,13,83.2,83.0,60.1,68.2,74.3
19,15,76.9,80.3,43.0,,80.9
19,17,81.1,83.7,,,84.9
19,21,83.9,86.0,,,
19,23,86.9,,,,
19,27,,,29.3,,
19,29,81.2,,27.6,,
19,31,91.7,87.4,,,
19,33,83.0,85.7,45.5,81.1,74.9
19,37,88.5,,,,
19,41,81.5,86.6,,,
19,43,87.7,,,,
19,45,83.3,84.2,45.7,,
19,47,77.2,,,,
19,49,87.1,83.6,47.3,71.0,71.6
19,57,80.1,77.8,37.6,61.2,75.9
19,59,72.1,76.5,42.3,,
19,61,83.7,87.8,56.9,75.1,74.6
19,67,79.8,,,,
19,69,81.1,,,,
19,75,90.8,,,,
19,79,85.0,,,,
19,81,80.9,,,,
19,83,86.2,,,,
19,87,86.1,90.1,,,
19,97,90.5,,,,
19,99,81.2,76.4,34.2,,74.3
19,103,89.1,84.8,47.7,70.6,81.8
19,105,82.6,,,,
19,109,73.0,,,,
19,111,80.7,70.7,37.4,,
19,113,87.0,79.9,48.1,76.1,76.2
19,121,85.6,,,,
19,123,86.0,,,,
19,125,69.7,75.3,40.5,,
19,127,78.8,72.9,41.0,74.1,71.6
19,129,76.7,,,,
19,131,83.1,,,,
19,139,79.1,84.7,49.1,,
19,141,81.6,,,,
19,145,77.8,,,,80.6
19,149,83.2,,32.5,,
19,153,88.1,81.1,48.0,72.4,76.5
19,155,80.7,79.3,37.3,65.4,75.7
19,163,86.3,83.0,50.1,73.4,68.3
19,167,84.8,,37.3,,
19,169,86.2,84.8,62.8,71.9,79.8
19,171,82.3,82.6,,,
19,175,76.8,,,,
19,179,71.9,,28.2,,
19,181,84.9,74.3,39.8,71.8,75.3
19,183,79.5,,,,
19,187,73.3,76.3,40.4,68.1,75.8
19,189,85.4,,,,
19,191,82.1,,,,
19,193,81.2,75.1,36.7,66.8,78.2
19,197,78.1,,,,
20,5,,,19.7,,
20,9,,87.4,,75.0,78.5
20,15,83.0,81.9,36.9,73.6,72.1
20,21,78.5,,,,
20,31,88.5,,,,
20,35,71.6,72.6,36.1,54.7,61.1
20,37,78.9,72.1,38.0,55.6,62.8
20,41,78.1,,,,
20,45,83.7,78.9,53.1,65.3,75.6
20,51,85.4,88.1,,,
20,55,70.7,,,,
20,57,75.3,,33.8,,
20,59,84.9,,,,
20,61,87.2,,,,
20,79,82.8,84.6,49.8,61.6,65.4
20,87,83.3,,,,
20,91,89.0,86.3,54.3,66.3,74.9
20,99,77.3,,23.1,,
20,103,84.8,84.7,40.7,63.5,69.4
20,111,78.5,81.7,48.1,,
20,113,76.5,86.0,38.4,63.6,71.8
20,115,84.0,,,,
20,121,87.6,,,,
20,125,74.7,69.2,23.7,58.9,69.0
20,127,85.6,,,,
20,133,73.9,,,,
20,149,86.4,,,,
20,155,81.3,83.5,46.5,61.8,70.2
20,159,85.3,,,,
20,161,88.7,81.1,45.2,,
20,169,77.5,80.8,40.3,55.8,59.0
20,173,83.6,80.5,42.8,69.2,68.9
20,175,78.8,,18.7,,
20,177,80.6,84.3,49.6,62.1,68.6
20,191,81.1,78.7,29.4,,
20,205,,,7.0,,
20,209,86.1,77.3,42.1,56.9,59.1
21,9,73.1,,31.5,,57.4
21,11,81.5,,23.0,,76.6
21,13,78.2,,,,
21,15,86.5,77.9,46.5,74.3,75.4
21,19,78.9,64.7,39.9,58.5,67.8
21,23,83.3,,,,
21,25,79.1,,23.4,,
21,27,80.6,,,,
21,29,83.7,,,,
21,31,82.3,,,,
21,35,83.5,80.4,42.7,62.3,68.9
21,37,74.3,69.1,38.8,56.7,58.1
21,43,78.6,,38.8,,61.6
21,45,84.3,85.0,,,
21,47,82.7,,38.9,,60.5
21,49,85.4,,,,
21,59,80.6,81.3,44.7,67.9,64.4
21,67,91.6,88.9,53.0,64.9,69.9
21,69,79.0,72.0,40.4,54.2,55.5
21,71,81.7,79.4,37.0,,
21,73,85.8,,,,
21,83,81.5,79.7,49.2,67.8,70.4
21,85,81.1,,25.4,,
21,87,83.9,,,,
21,89,74.2,74.1,40.8,60.4,68.8
21,93,83.9,75.6,42.9,66.4,68.0
21,95,75.0,,31.0,,
21,101,85.1,76.9,38.2,67.3,67.2
21,107,81.8,74.2,52.1,50.6,60.0
21,109,81.3,,,,
21,111,82.3,86.6,51.0,65.1,70.8
21,115,69.7,,,,
21,117,84.3,82.5,43.7,56.7,62.9
21,119,79.4,,,,
21,121,81.5,,,,
21,125,75.8,61.7,34.4,48.6,55.6
21,127,78.6,,,,
21,131,75.9,,,,
21,133,77.8,66.0,31.6,,
21,135,78.3,,27.0,,
21,141,,83.3,,,
21,145,82.8,82.2,47.4,60.9,74.3
21,147,78.9,,,,
21,149,89.1,,,,
21,153,83.2,,,,
21,155,83.2,,,,
21,157,82.4,81.0,42.3,52.9,58.7
21,161,86.3,80.7,44.9,56.8,59.7
21,163,88.7,,,,
21,165,84.7,,,,
21,173,80.8,73.7,39.7,67.2,65.4
21,175,79.0,69.1,33.5,59.9,71.0
21,177,85.3,80.1,36.2,,
21,179,83.7,,,,
21,183,79.2,,,,
21,185,92.2,,,,
21,193,78.8,71.5,35.2,51.9,50.5
21,195,81.2,74.4,29.3,62.8,62.5
21,199,82.6,78.0,42.5,54.7,61.4
21,203,78.5,,,,
21,205,73.7,68.6,37.5,59.6,59.6
21,217,81.1,82.0,29.0,,
21,219,92.5,,,,
21,225,86.5,,,,
21,227,86.4,83.3,37.1,58.3,64.1
21,231,76.0,,,,
21,233,89.3,,,,
21,235,86.6,,37.6,,
22,1,82.9,74.7,35.5,,
22,5,87.5,81.7,48.5,,
22,9,76.6,,30.9,,
22,11,75.3,,,,
22,15,83.7,77.1,43.7,62.6,70.9
22,17,85.4,76.6,38.9,65.6,63.0
22,19,79.4,76.8,37.0,68.2,63.3
22,27,80.2,,,,
22,31,79.7,,,,
22,33,87.1,87.1,45.6,69.9,69.6
22,37,87.3,,,,
22,39,78.0,,22.7,,
22,41,78.7,,,,
22,43,88.2,,,,
22,45,82.8,82.2,30.7,,
22,47,87.8,,,,
22,49,87.5,,,,
22,51,83.0,79.6,39.5,60.6,63.2
22,53,76.5,,,,
22,55,84.1,82.9,31.9,62.7,63.1
22,57,85.5,80.2,40.1,,
22,61,83.6,,,,
22,63,84.7,79.2,38.8,,
22,67,79.1,,,,
22,69,86.7,,,,
22,71,87.4,80.3,38.3,49.6,59.0
22,73,82.6,76.3,41.8,59.1,59.3
22,77,85.5,,,,
22,79,78.6,74.3,35.7,69.2,68.1
22,83,84.4,,,,
22,85,77.6,,,,
22,87,82.0,88.4,,,
22,89,89.5,87.8,,,
22,93,89.1,,,,
22,95,83.9,86.7,,,
22,97,80.7,76.2,29.0,61.0,59.1
22,99,77.2,83.1,27.5,,
22,101,77.5,,,,
22,103,82.2,82.4,45.5,66.9,61.3
22,105,82.1,73.4,34.6,48.9,59.2
22,109,85.4,77.2,32.6,,62.5
22,111,84.8,,,,
22,113,77.0,71.6,35.2,,
22,115,80.8,83.8,,,
22,117,85.8,84.4,,,
22,119,77.0,,,,
22,121,87.8,,,,
22,127,77.5,,,,
23,1,83.5,83.3,53.1,66.4,73.1
23,3,82.8,83.6,40.7,59.7,64.4
23,5,85.8,85.4,57.3,68.9,75.4
23,7,86.9,83.0,42.6,68.2,71.1
23,9,84.8,84.9,41.9,56.4,66.4
23,11,82.3,86.3,56.3,73.2,78.3
23,13,82.9,80.7,50.1,67.2,74.6
23,15,81.5,85.0,54.5,66.1,68.5
23,17,85.6,88.4,49.0,61.0,69.9
23,19,83.3,87.2,44.2,65.9,71.2
23,21,82.3,80.6,46.8,,74.4
23,23,80.9,80.1,51.4,60.8,72.8
23,25,80.6,77.7,50.6,64.0,60.8
23,27,80.6,80.6,43.8,64.5,71.7
23,29,84.0,78.2,38.6,63.1,71.0
23,31,85.5,83.3,50.4,66.4,74.1
24,1,81.6,84.8,44.6,62.0,61.4
24,3,87.8,85.4,60.1,64.8,65.6
24,5,87.2,86.4,54.3,65.6,64.4
24,9,89.1,86.9,52.0,,65.8
24,11,,88.9,45.8,,
24,13,86.1,88.1,57.4,70.3,72.8
24,15,83.5,85.2,42.4,65.4,63.7
24,17,89.5,86.2,54.9,59.7,61.2
24,19,90.3,87.7,59.5,,
24,21,87.3,80.6,49.9,71.0,73.2
24,23,71.1,,41.4,,
24,25,87.9,80.7,48.7,62.2,70.6
24,27,90.4,89.4,55.3,64.4,77.5
24,29,85.6,,,,
24,31,87.5,84.7,56.2,66.0,75.1
24,33,89.5,83.1,57.4,59.5,58.7
24,35,85.2,82.6,48.1,,
24,37,87.7,79.9,48.4,60.7,59.8
24,39,88.4,,,,
24,41,93.1,92.8,57.5,61.7,60.9
24,43,86.1,81.9,53.5,73.6,65.3
24,45,88.7,83.1,52.7,54.3,52.9
24,47,84.3,82.1,57.4,63.9,62.3
24,510,86.8,81.2,43.7,56.4,54.6
25,1,83.3,87.6,56.8,67.3,72.7
25,3,80.5,80.8,51.4,71.2,73.5
25,5,83.6,84.0,48.7,59.2,63.3
25,7,89.7,,,,
25,9,87.5,85.9,51.8,63.0,71.6
25,11,90.3,83.6,47.3,68.0,78.5
25,13,86.1,83.4,50.8,69.4,71.0
25,15,91.0,89.1,47.1,66.3,70.0
25,17,85.8,88.5,54.2,69.7,76.0
25,21,83.0,87.4,54.4,68.0,74.3
25,23,85.4,86.8,52.8,63.6,71.1
25,25,85.8,85.7,52.7,59.5,72.2
25,27,83.3,84.2,49.3,67.7,70.7
26,5,79.5,89.9,,,
26,17,84.5,,,,
26,21,78.8,78.5,50.8,65.0,63.7
26,25,78.2,,51.4,69.5,69.4
26,37,89.7,,,,
26,41,93.0,,,,
26,45,88.0,91.0,,,74.0
26,49,79.9,82.9,45.5,61.5,66.9
26,55,93.1,91.3,,,
26,65,86.6,81.1,55.9,68.1,72.0
26,67,85.4,,,,
26,75,88.2,85.6,54.1,,72.7
26,77,85.5,77.0,54.5,70.7,74.6
26,81,85.6,83.3,55.9,67.9,70.4
26,91,90.1,84.3,,,
26,93,89.3,,46.2,,
26,99,82.6,82.6,53.4,61.6,67.0
26,103,,,,,79.1
26,111,77.9,,60.1,,
26,115,84.6,88.4,37.1,,
26,117,82.5,,,,
26,121,86.1,87.2,56.0,76.7,77.0
26,125,86.1,87.5,57.5,64.0,67.0
26,139,85.6,87.8,62.4,71.2,71.7
26,145,88.7,89.4,51.3,60.2,67.5
26,147,86.3,,52.0,,
26,149,83.9,,,,
26,155,89.3,,,,
26,159,86.4,,,,
26,161,86.0,86.2,57.6,69.2,73.9
26,163,84.7,79.4,48.4,57.3,58.8
27,3,82.4,82.5,58.9,76.5,76.7
27,13,,,,,80.2
27,17,79.3,,,,
27,19,91.4,94.1,,,
27,21,83.1,,,,
27,25,85.4,,,,
27,27,89.3,,,,
27,35,84.2,87.1,59.0,,72.3
27,37,86.5,86.6,61.3,76.0,80.9
27,41,84.7,,,,
27,53,84.5,84.4,62.3,75.5,79.9
27,59,86.5,,,,
27,61,,,,,82.2
27,67,87.0,,,,
27,85,87.7,,,,
27,97,83.1,,,,
27,99,82.1,,,,74.1
27,109,86.1,83.8,65.1,75.7,77.3
27,111,75.5,81.4,51.9,,81.3
27,123,82.8,81.4,61.4,74.2,83.6
27,131,84.5,,,,
27,137,84.6,87.6,52.0,65.0,73.0
27,139,85.3,91.2,56.1,,
27,145,82.0,84.2,58.5,55.6,65.1
27,147,86.3,,,,
27,163,86.7,87.6,63.3,74.7,79.6
27,169,80.0,,,,
27,171,92.9,86.2,50.8,,
28,1,80.5,70.3,36.1,,
28,3,82.0,66.2,32.7,,
28,7,77.7,,,,
28,11,83.3,,,,
28,17,77.6,,,,
28,23,85.4,,,,
28,25,79.3,,,,
28,27,81.5,,,,
28,29,83.6,,,,
28,31,79.0,,,,
28,33,80.3,76.0,42.1,63.9,68.6
28,35,88.9,81.1,44.7,61.4,68.5
28,37,85.4,,,,
28,39,79.2,,,,
28,41,84.7,,,,
28,43,77.9,,,,
28,45,77.3,76.7,42.7,,
28,47,83.8,75.8,44.1,73.1,62.4
28,49,86.4,81.7,46.6,59.1,59.1
28,51,78.5,,,,
28,57,81.7,,,,
28,59,83.0,75.0,42.3,59.7,62.2
28,61,76.2,,,,
28,67,82.4,71.7,38.7,74.9,75.3
28,69,82.4,,,,
28,71,85.9,76.7,,,
28,73,79.6,64.1,33.3,,
28,75,82.7,77.6,34.3,64.3,60.1
28,77,91.0,,,,
28,79,81.5,,,,
28,81,86.4,76.6,44.4,64.5,73.0
28,83,75.4,,24.9,,
28,85,80.4,70.1,39.2,,
28,87,81.2,73.2,37.2,,
28,89,87.8,79.6,47.3,,65.5
28,91,80.5,,,,
28,93,79.6,,,,
28,95,79.8,69.6,40.7,74.4,74.6
28,99,76.1,75.0,30.8,,
28,101,81.6,,,,
28,105,88.3,80.4,30.2,,
28,107,83.0,77.1,,,
28,109,71.1,64.9,34.4,66.7,59.9
28,113,81.9,67.6,42.4,,
28,115,77.1,,28.9,,
28,117,77.7,,,,
28,121,82.7,77.8,40.5,67.6,67.2
28,123,77.1,,,,
28,127,78.7,,36.4,,
28,129,76.7,,,,
28,131,80.4,,,,
28,133,83.4,,,,
28,137,79.9,,,,
28,139,73.5,,,,
28,141,73.7,,23.6,,
28,143,83.3,,,,
28,145,73.9,,,,
28,149,81.9,76.3,39.9,,
28,151,82.9,70.2,30.9,,
28,153,78.9,,,,
28,157,88.7,,,,
28,159,82.5,,,,
28,161,,,14.8,,
28,163,75.5,82.5,,,
29,1,77.1,,,,
29,19,84.9,76.7,53.0,72.5,83.3
29,21,78.1,69.6,34.6,66.8,69.6
29,23,75.5,,,,
29,27,79.6,,,,
29,29,73.2,,,,
29,31,80.3,80.1,38.8,69.5,76.0
29,37,85.7,79.6,37.1,,
29,43,77.1,,,,
29,47,83.0,74.1,47.7,61.7,69.1
29,51,89.0,80.0,,,73.8
29,71,82.2,,,,
29,77,76.1,69.4,48.4,79.0,80.7
29,81,79.7,83.2,,,
29,83,83.4,,,,
29,91,65.2,,,,
29,95,83.7,79.2,47.6,64.8,68.5
29,97,70.6,70.0,34.7,,65.3
29,99,81.9,79.3,,,
29,101,82.4,75.7,39.5,65.4,66.3
29,107,83.6,,,,
29,115,70.3,,,,
29,121,76.7,77.9,,,
29,127,80.4,77.0,47.2,59.3,66.7
29,137,80.4,,,,
29,145,70.9,,,,
29,147,77.0,,,,
29,159,78.5,81.9,,,
29,163,85.2,,,,
29,165,84.0,,,,
29,169,85.1,,,,
29,175,76.6,,,,
29,183,86.8,89.6,50.8,,
29,187,73.9,,,,
29,189,82.8,80.5,47.1,66.8,68.0
29,195,82.3,77.5,,,73.8
29,201,81.0,,,,
29,207,70.3,,,,
29,213,78.0,,,,
29,225,81.6,,,,
29,510,82.7,77.6,41.2,50.4,53.6
30,1,88.2,,,75.2,76.3
30,3,82.7,74.6,27.2,,
30,5,81.0,73.9,33.6,65.8,66.9
30,9,73.0,,,,
30,13,84.6,82.2,43.1,74.7,75.0
30,15,81.4,,,,
30,17,81.3,,38.2,,75.0
30,21,75.1,,26.9,,75.1
30,23,75.5,81.4,34.8,,
30,27,86.1,87.0,44.5,73.7,77.9
30,29,81.1,77.0,49.0,66.0,66.5
30,31,81.8,82.9,46.9,64.7,76.1
30,35,82.5,79.0,30.6,58.9,57.8
30,41,83.0,78.3,38.0,70.2,75.2
30,43,81.1,,,,
30,47,77.2,70.7,40.1,59.2,64.1
30,49,77.8,79.3,46.2,74.5,75.2
30,53,75.3,69.6,35.1,70.7,70.4
30,57,76.8,,,,
30,63,83.9,83.5,43.1,68.9,77.7
30,67,75.8,,41.8,,67.8
30,73,83.7,,,,
30,77,89.8,,,,
30,81,78.7,73.9,40.2,64.4,69.5
30,83,81.7,,28.2,78.4,
30,85,83.5,79.9,29.6,70.1,81.6
30,87,78.1,68.3,37.3,68.7,73.8
30,89,73.3,,29.5,61.6,50.6
30,93,84.0,87.3,39.2,69.5,73.6
30,95,81.3,,,,
30,99,85.4,,,,82.6
30,105,84.8,,,,75.2
30,111,80.7,80.0,42.8,76.6,74.8
31,1,79.0,81.0,37.6,70.8,81.3
31,11,82.3,,,,
31,13,86.1,,28.1,,
31,19,81.1,83.0,31.8,68.5,72.0
31,25,84.2,,45.4,,70.5
31,31,81.6,,,,
31,35,79.4,,,,
31,37,,,18.5,,
31,39,80.2,,,,
31,41,76.7,,25.5,64.1,74.5
31,47,81.3,77.2,30.8,65.2,71.2
31,53,80.4,82.5,41.5,59.6,76.3
31,55,85.2,81.3,45.2,66.7,75.4
31,65,79.7,,,,
31,67,78.9,73.5,32.1,71.4,68.9
31,79,78.9,75.6,26.8,65.6,68.3
31,81,82.9,,,,
31,83,88.5,,,,
31,89,70.3,,,,
31,107,78.8,,,,
31,109,83.3,82.8,40.7,69.1,72.3
31,111,75.8,81.7,37.4,58.3,67.6
31,119,73.2,72.9,38.0,68.4,77.2
31,131,78.3,,,,82.1
31,137,78.0,,,,
31,141,70.6,74.1,38.3,60.4,68.8
31,145,,,34.8,,78.5
31,151,,,,79.1,
31,153,84.8,86.9,45.6,70.7,76.1
31,155,84.6,82.7,38.3,,70.6
31,157,82.3,70.9,29.2,59.8,67.2
31,159,77.0,,,,
31,177,,86.6,39.5,,
31,181,91.7,,,,
32,1,77.2,71.4,36.2,67.7,59.4
32,3,80.1,77.3,39.4,65.9,56.4
32,5,77.1,71.7,45.2,56.8,60.0
32,7,75.3,66.8,25.5,,
32,13,74.8,,,,
32,19,73.1,69.4,37.3,68.2,63.0
32,23,73.3,67.4,26.5,63.3,55.9
32,31,80.9,77.0,41.6,73.7,67.5
32,510,77.3,76.2,43.4,71.9,70.2
33,1,86.2,84.8,50.7,71.0,73.1
33,3,82.7,80.9,46.1,72.0,74.0
33,5,82.8,78.4,48.3,66.4,71.0
33,7,80.6,77.3,42.2,55.1,60.6
33,9,88.2,83.9,50.1,72.2,77.5
33,11,85.7,83.6,51.9,67.3,72.1
33,13,85.8,85.2,52.1,65.7,72.5
33,15,86.1,85.7,53.2,67.7,71.6
33,17,85.0,81.8,51.1,65.8,71.4
33,19,80.9,76.4,51.1,67.3,71.8
34,1,80.2,77.2,44.0,65.0,65.4
34,3,83.7,77.0,51.1,60.9,66.5
34,5,85.1,79.2,45.1,70.6,72.1
34,7,83.5,81.1,38.9,73.0,61.3
34,9,78.6,81.1,47.9,69.0,75.0
34,11,77.9,81.2,47.8,58.0,65.3
34,13,84.5,82.3,48.9,53.4,59.9
34,15,83.1,79.6,45.5,66.8,72.6
34,17,80.5,74.4,35.6,39.0,50.3
34,19,88.7,83.1,51.4,75.3,79.6
34,21,82.1,84.4,51.9,71.3,70.9
34,23,80.7,78.7,43.1,65.2,69.5
34,25,85.8,77.0,43.2,57.5,68.4
34,27,85.2,79.8,52.8,61.1,72.7
34,29,78.2,77.4,50.2,72.2,68.1
34,31,80.0,78.4,42.0,54.4,65.7
34,33,76.7,,39.4,,
34,35,86.1,79.0,55.3,66.6,69.6
34,37,83.7,73.8,46.7,65.0,69.0
34,39,82.5,76.0,44.8,54.5,59.4
34,41,81.2,73.8,44.4,72.4,67.5
35,1,82.8,80.6,46.0,74.4,75.6
35,5,77.5,69.0,35.8,64.9,68.4
35,6,80.2,74.8,27.4,,
35,7,80.9,,,,85.5
35,9,82.0,73.2,41.5,50.5,63.3
35,13,80.9,74.7,38.9,57.2,64.0
35,15,70.4,61.7,39.8,57.7,69.6
35,17,67.6,73.0,31.3,54.1,65.2
35,25,76.8,71.6,31.2,50.0,66.1
35,27,81.5,77.5,41.5,65.7,67.6
35,28,86.9,89.0,62.5,70.3,71.5
35,29,72.6,,40.8,56.6,65.9
35,31,81.8,78.6,19.7,,
35,35,80.6,75.4,38.8,58.0,63.9
35,39,89.2,75.9,37.4,51.9,57.8
35,41,77.1,,33.0,,71.5
35,43,80.9,78.0,45.1,67.2,68.0
35,45,75.3,71.9,33.0,65.0,68.1
35,47,76.6,73.1,32.9,,
35,49,86.5,77.1,47.6,64.5,73.2
35,51,69.0,,35.4,62.4,61.7
35,53,74.5,,,,
35,55,79.9,66.8,33.3,57.8,64.9
35,57,80.0,,,,
35,61,81.6,76.5,43.6,64.1,64.1
36,1,90.1,84.2,50.5,61.8,61.0
36,5,87.9,85.4,39.3,50.8,58.7
36,7,84.2,,57.5,68.6,80.6
36,9,83.6,,,,
36,13,74.6,,43.8,75.1,73.7
36,17,84.8,,,,
36,19,93.7,,,,
36,21,82.6,,,,
36,25,92.6,,,,
36,27,86.9,83.5,,,
36,29,84.2,82.4,51.4,67.8,70.2
36,43,85.4,,,,
36,45,80.3,,,,
36,47,83.6,81.8,41.9,35.7,44.9
36,51,91.9,,,,
36,55,87.6,82.2,50.3,75.0,75.8
36,59,81.0,81.9,49.8,60.5,64.2
36,61,84.3,78.1,52.9,53.1,62.8
36,63,88.9,82.5,,,68.8
36,65,83.0,77.8,51.7,70.1,64.1
36,67,85.4,87.4,55.6,79.2,75.2
36,69,83.8,,,,
36,71,83.4,76.9,43.9,,
36,75,86.2,88.7,,,
36,81,81.2,80.6,41.2,46.5,58.2
36,83,87.4,,,,
36,85,85.2,,,,
36,87,85.7,,,,
36,89,82.6,,,,
36,91,86.4,,56.6,76.9,
36,93,82.6,,,,81.4
36,101,79.2,,,,
36,103,84.1,81.6,47.9,62.5,69.3
36,111,76.8,,,,
36,113,90.1,,,,
36,115,87.1,,,,
36,117,86.4,,,,
36,119,81.2,78.0,62.1,57.2,64.9
37,1,82.0,82.7,53.9,67.0,72.9
37,3,91.2,,,,
37,5,92.1,,,,
37,15,88.8,,,,
37,17,83.5,90.3,,,
37,19,92.7,86.3,50.1,69.8,76.1
37,21,84.6,83.7,48.8,72.5,75.3
37,23,88.7,84.7,33.1,,
37,25,85.9,80.2,45.4,68.6,
37,27,80.2,79.0,45.2,,70.8
37,31,81.8,,,,
37,33,88.6,,,,
37,35,88.2,86.8,35.7,61.5,66.0
37,37,78.0,,,,
37,45,81.9,,,,
37,47,81.0,89.4,,,
37,49,85.4,95.9,,77.6,74.1
37,51,89.7,86.1,55.3,64.0,64.0
37,55,86.8,,,,
37,57,83.6,79.4,33.5,62.8,63.9
37,61,87.9,,,,
37,63,87.1,88.0,56.9,67.8,70.3
37,65,85.3,87.7,,,
37,67,89.0,85.8,57.8,67.3,69.3
37,69,88.0,,,,
37,71,83.0,83.5,47.5,59.7,56.0
37,75,,,,88.3,
37,77,84.5,,,,
37,81,87.9,86.1,54.5,64.0,64.2
37,83,88.7,,,,
37,85,85.4,,,,
37,87,76.2,,,68.0,65.7
37,89,86.9,84.8,54.3,66.8,64.9
37,97,83.4,76.2,,75.8,71.6
37,101,88.4,81.3,51.2,,75.2
37,105,87.1,,,,
37,107,83.8,,,,
37,109,90.6,,,,
37,111,88.5,,,,
37,113,83.6,,,,
37,117,89.4,90.8,,,
37,119,87.9,83.4,54.4,67.0,68.0
37,123,90.5,84.7,,,
37,125,87.0,88.9,,,74.4
37,127,85.0,88.9,,,
37,129,87.3,80.7,56.0,60.9,72.0
37,131,,90.9,,,
37,133,92.0,,51.7,,
37,135,88.0,84.0,60.6,70.8,78.2
37,145,92.0,,,,
37,147,89.8,76.6,50.3,62.5,66.7
37,151,86.7,81.1,44.1,57.3,65.7
37,153,86.7,,,,
37,155,88.6,78.5,39.0,59.2,60.0
37,157,88.0,,,,
37,159,76.1,77.5,,63.3,66.0
37,161,82.5,,,,
37,163,86.1,,,,
37,165,,90.4,,,
37,167,75.7,86.7,,,
37,171,83.3,,42.3,70.7,68.3
37,173,91.3,,,,
37,179,85.9,81.3,,,
37,181,,,20.1,,
37,183,87.6,87.0,57.9,70.9,80.6
37,187,91.5,,,,
37,189,84.4,88.5,,,
37,191,85.3,84.9,,,
37,193,78.1,77.0,46.4,,65.1
37,195,86.7,79.7,,,
37,197,94.7,,,,
38,3,73.2,,53.4,68.1,71.9
38,9,,,,,83.7
38,15,86.5,79.7,47.9,67.8,69.2
38,17,82.3,86.5,54.8,70.3,76.9
38,31,86.9,,,,
38,35,81.4,81.4,47.2,75.3,78.5
38,49,85.2,,,,
38,55,84.5,,40.0,,
38,57,78.2,,,,
38,59,78.6,83.7,40.1,76.6,67.6
38,63,88.0,,,,
38,69,81.9,,,,
38,71,83.4,80.7,50.0,,
38,77,83.5,,37.9,72.6,73.1
38,79,86.0,,,,
38,89,73.8,76.8,37.4,65.8,73.1
38,93,71.5,79.9,40.9,66.5,69.9
38,99,77.4,,,,
38,101,83.9,79.9,45.6,73.6,73.2
38,105,82.4,81.8,31.7,64.8,67.8
39,17,82.9,,44.4,,
39,35,82.4,81.4,49.4,68.0,68.1
39,41,98.2,,,,
39,49,85.2,80.3,45.9,70.6,65.8
39,57,84.7,,,,
39,61,85.1,87.2,53.5,61.0,67.9
39,85,86.4,,,,
39,93,84.4,,42.7,65.3,67.5
39,95,80.0,75.2,38.8,61.5,63.0
39,99,83.8,83.1,38.7,,59.0
39,113,84.7,83.6,51.9,69.1,67.3
39,151,85.2,,44.8,61.3,71.0
39,153,82.6,76.9,49.6,66.8,71.9
39,155,83.6,,31.6,,
39,173,90.1,,,,
40,1,72.9,,,,
40,5,74.8,,,,
40,9,77.0,,,,
40,11,77.0,,,,
40,13,78.1,76.3,41.6,70.2,67.3
40,15,76.8,77.2,30.0,,
40,17,84.9,77.4,33.1,68.5,71.5
40,19,71.3,59.5,34.2,65.2,62.9
40,21,73.2,71.5,38.4,72.8,76.4
40,23,82.3,,,,
40,27,81.5,81.0,39.2,74.5,74.7
40,31,81.3,79.3,35.1,72.5,76.7
40,37,78.4,64.9,35.2,63.1,68.3
40,39,80.2,76.8,34.0,,
40,41,71.0,66.9,35.4,74.2,76.5
40,47,75.6,71.8,33.9,70.9,73.1
40,49,71.3,,29.9,73.0,77.2
40,51,81.6,76.4,37.4,73.4,78.7
40,61,79.6,,,,
40,65,83.3,73.0,,76.9,
40,71,77.1,76.6,26.2,64.4,73.7
40,73,77.9,,,,
40,79,69.5,67.1,31.7,64.7,72.7
40,81,76.4,,37.2,80.5,79.6
40,83,78.5,78.8,35.3,,68.2
40,87,81.7,,,,
40,89,76.8,,28.6,,
40,91,,,,70.0,80.3
40,95,70.9,,,,
40,97,77.3,68.5,38.5,73.2,77.4
40,101,74.9,76.3,39.2,63.1,66.0
40,107,84.0,,,,
40,109,81.7,75.6,38.3,69.1,72.1
40,111,74.0,71.5,34.9,68.3,71.8
40,113,76.2,75.0,34.2,60.4,69.3
40,115,74.6,70.2,21.9,74.6,72.7
40,117,70.4,,,,
40,119,79.3,83.1,42.7,65.0,76.8
40,121,72.3,69.2,30.7,77.1,75.2
40,123,81.4,72.8,36.6,71.5,80.7
40,125,81.3,73.9,32.9,66.5,72.5
40,127,73.6,,,,
40,131,82.6,73.6,37.0,65.3,73.9
40,133,73.1,,30.9,,75.3
40,135,76.0,71.3,25.3,58.3,71.2
40,137,74.0,73.2,35.5,77.9,76.8
40,139,77.1,,,,
40,143,81.6,78.8,41.7,69.3,77.2
40,145,73.9,73.9,37.8,68.6,75.4
40,147,78.6,79.5,33.8,73.1,80.8
40,153,72.4,,29.3,73.8,72.7
41,3,83.2,82.3,60.9,75.6,80.2
41,5,81.1,83.7,41.7,71.1,72.8
41,7,66.3,,,,
41,9,77.7,82.1,34.5,,
41,11,72.9,81.3,46.0,77.6,73.2
41,15,,87.6,,,
41,17,75.0,75.2,48.9,72.4,74.9
41,19,73.4,78.0,41.9,67.0,66.9
41,29,82.0,76.8,47.3,68.9,69.1
41,33,72.3,77.4,41.3,56.5,60.5
41,35,76.3,81.7,47.1,65.2,59.9
41,39,80.4,79.6,51.2,74.0,70.5
41,41,72.2,74.3,28.3,,
41,43,76.7,79.4,41.7,64.4,65.8
41,45,73.0,,,,
41,47,76.8,85.2,44.5,69.2,68.1
41,51,81.4,80.3,48.2,74.3,72.0
41,53,78.8,91.6,46.7,,80.3
41,57,,,,,79.9
41,59,75.4,79.0,40.9,75.9,63.8
41,61,75.3,,,,
41,67,83.1,85.3,55.0,74.5,74.2
41,71,77.6,81.8,51.9,71.4,69.4
42,1,85.7,,,,
42,3,80.2,77.0,47.0,67.4,64.8
42,5,75.9,,,81.6,
42,7,80.7,81.5,46.6,68.7,64.4
42,11,84.8,80.5,43.2,66.8,66.7
42,13,73.8,,35.9,69.0,
42,15,85.6,,,,
42,17,85.0,88.8,58.3,68.4,65.5
42,19,80.5,79.7,48.9,61.0,61.7
42,21,74.6,68.5,36.0,60.3,73.6
42,27,82.1,84.9,,,
42,29,84.8,84.1,49.7,61.6,69.7
42,31,87.2,,,,
42,33,74.7,,,,87.9
42,39,85.0,,,82.8,
42,41,89.9,87.2,55.9,73.6,75.4
42,43,86.0,83.6,41.1,70.0,66.6
42,45,85.2,81.3,53.0,61.1,64.8
42,49,81.7,79.6,44.3,76.3,72.3
42,51,71.6,74.6,33.7,50.7,59.0
42,55,86.3,89.6,46.7,67.0,68.1
42,69,77.3,77.2,47.0,59.5,65.0
42,71,80.2,76.6,40.3,63.1,63.4
42,73,,,30.0,,
42,75,83.4,79.3,36.4,,
42,77,83.4,81.9,52.7,60.9,66.7
42,79,74.2,69.5,43.0,54.0,57.0
42,81,81.9,,42.6,,
42,85,79.0,,,,
42,89,84.0,,,,
42,91,84.1,82.3,54.1,72.4,72.7
42,95,83.4,74.0,48.4,63.2,65.9
42,97,84.1,,,,
42,101,83.9,78.3,47.5,59.7,60.8
42,107,70.2,,32.7,,
42,111,81.4,83.7,,,
42,117,80.4,,,,
42,125,80.2,78.6,40.1,66.3,57.0
42,127,85.4,,,,
42,129,77.4,73.9,41.1,66.3,57.8
42,133,82.4,77.5,44.4,70.8,71.5
44,1,86.5,88.4,56.1,63.8,71.0
44,3,84.7,87.1,53.6,70.0,74.9
44,5,85.1,88.0,56.3,66.2,70.2
44,7,84.5,86.2,51.8,69.9,72.0
44,9,87.7,88.9,60.5,72.5,76.1
45,1,,85.0,,,
45,3,87.0,80.0,50.1,64.2,69.1
45,7,81.5,80.6,42.4,68.2,69.7
45,9,93.0,,,,
45,11,80.7,,,,
45,13,86.0,85.7,50.0,70.8,68.4
45,15,88.1,81.9,43.2,71.6,65.9
45,17,90.4,,,,
45,19,88.2,83.7,50.2,66.6,70.2
45,21,76.1,,37.9,,
45,25,79.0,,37.8,,
45,27,87.2,,33.9,,
45,29,78.4,,,,
45,31,85.4,86.8,49.8,,
45,33,,,31.1,,
45,35,87.5,76.5,38.7,,70.2
45,37,87.9,,,,
45,39,83.2,,,,
45,41,84.9,80.9,46.8,63.7,62.3
45,43,86.6,81.8,50.9,69.1,68.9
45,45,84.4,78.9,52.3,62.0,63.8
45,47,89.0,80.5,44.0,61.2,65.0
45,49,88.6,,,,
45,51,81.6,74.7,38.9,59.5,68.2
45,55,87.3,,45.1,,
45,57,86.1,,,,
45,59,87.1,79.9,43.3,,
45,61,91.1,,,,
45,63,87.3,76.4,55.7,66.2,71.9
45,67,73.6,,,,
45,69,77.8,,,,
45,71,79.2,86.7,,,
45,73,82.1,76.1,43.6,63.7,70.4
45,75,86.0,88.4,36.5,64.4,74.0
45,77,77.5,73.5,41.3,58.5,66.6
45,79,89.7,85.8,55.4,66.9,66.5
45,83,81.8,81.3,44.2,53.7,60.7
45,85,82.3,78.3,52.1,59.3,63.8
45,87,80.9,,,,
45,89,87.5,,,,
45,91,80.8,77.2,47.0,63.1,66.3
46,3,84.7,,,,
46,5,84.4,80.6,46.3,57.3,68.9
46,7,85.6,,,,
46,9,74.2,73.7,32.9,64.4,77.1
46,11,82.2,81.9,44.6,63.6,77.3
46,13,82.2,81.8,46.0,60.2,72.2
46,15,73.3,81.6,,,79.7
46,19,82.8,75.2,40.3,67.6,73.4
46,23,75.1,75.7,32.1,69.6,74.3
46,25,80.0,78.9,,,76.3
46,27,87.8,90.6,,,79.4
46,29,84.5,81.7,45.9,64.3,82.5
46,31,86.7,,,,
46,33,78.3,68.2,38.8,62.6,71.4
46,35,82.3,76.3,43.5,64.8,75.8
46,37,73.7,85.9,38.7,61.1,78.3
46,39,80.4,,,,75.0
46,41,85.2,83.1,,,
46,43,80.9,91.1,,,75.2
46,45,87.1,81.9,,,
46,47,76.4,73.0,33.8,67.4,67.0
46,51,77.2,78.8,35.2,56.6,70.1
46,53,77.9,,41.4,59.3,68.2
46,57,73.4,84.1,,66.0,80.2
46,59,81.3,82.1,,,71.7
46,65,86.5,82.8,53.5,64.4,78.2
46,67,79.7,73.1,38.6,49.2,73.4
46,71,78.6,,,,
46,73,79.1,,,,
46,77,79.7,73.6,30.9,65.9,83.0
46,79,79.1,77.1,36.0,62.8,76.2
46,81,80.5,78.5,46.8,64.3,75.0
46,83,89.6,85.3,47.3,59.8,74.0
46,85,77.2,,,,
46,87,86.7,,,,
46,89,79.3,,,,
46,91,83.4,83.5,,,74.7
46,93,85.4,75.0,40.6,66.3,77.8
46,99,87.4,81.4,44.0,59.3,80.0
46,101,84.1,,26.2,,
46,103,87.2,80.6,49.9,67.3,75.6
46,105,77.8,,,,74.7
46,109,81.9,76.8,31.2,55.2,72.2
46,111,83.0,,,,
46,113,85.1,,,,
46,115,86.6,88.3,56.0,60.2,67.0
46,117,78.3,,,,
46,121,80.1,,,,
46,123,80.6,72.4,27.1,62.8,65.7
46,125,75.0,67.0,34.0,62.6,66.5
46,127,83.4,89.0,44.4,,
46,129,79.7,74.4,40.9,55.5,75.8
46,135,80.7,80.2,44.9,60.2,74.6
46,137,85.2,,,,
47,1,82.2,79.9,,,80.4
47,3,80.4,,,,
47,9,85.0,,,,
47,11,83.6,81.2,,,
47,13,82.6,,,,
47,17,80.2,,,,
47,19,76.2,,,,
47,21,86.5,,,,
47,29,90.6,,,,
47,31,77.0,,,,
47,35,78.7,,,,
47,37,85.1,83.1,51.4,66.3,66.3
47,43,81.0,,,,
47,45,81.6,,,,
47,51,77.0,,,,
47,53,80.4,,,,
47,55,85.8,,,,
47,59,85.2,76.8,,,
47,63,84.0,,,,
47,65,85.8,85.5,47.6,67.1,66.8
47,73,79.1,,,,
47,75,85.9,,,,
47,81,85.1,,,,
47,89,81.7,,,,
47,93,83.4,80.0,49.1,73.2,77.5
47,97,84.1,,,,
47,99,77.2,,,,
47,103,85.8,,,,
47,105,80.8,,,,
47,107,83.7,91.2,,,
47,109,81.1,,,,
47,113,86.0,77.9,33.6,,
47,119,89.2,84.5,,,
47,123,75.8,,,,
47,125,90.7,85.7,,,
47,131,82.1,,,,
47,141,85.9,,,,
47,145,85.5,,,,
47,147,82.9,,,,
47,149,84.5,84.6,36.9,,
47,155,79.3,80.3,,,
47,157,87.1,83.8,40.9,53.8,62.5
47,163,82.5,82.4,56.5,73.6,73.9
47,165,89.7,73.4,,,
47,167,83.8,,,,
47,179,82.6,81.8,50.2,,
47,183,73.8,,,,
47,187,89.6,83.3,,,
47,189,85.7,80.3,,,
48,27,86.2,86.1,,,
48,29,83.6,84.9,42.5,65.4,70.4
48,37,81.6,,,,
48,39,91.0,,,,
48,61,71.5,,37.2,,
48,85,89.6,,,,79.7
48,113,85.2,76.1,44.1,64.7,64.9
48,121,88.9,,,,
48,139,86.9,,,,
48,141,78.6,72.2,35.2,48.7,54.3
48,157,87.1,,,,
48,167,87.9,,,,
48,201,80.1,75.5,43.8,56.3,61.4
48,209,81.4,,,,
48,215,70.1,,34.6,55.9,60.2
48,245,74.8,,44.2,,
48,303,84.4,80.0,43.3,67.9,62.5
48,309,83.5,,,,
48,339,84.9,,,,
48,355,77.6,,34.3,,
48,367,89.7,,,,
48,381,79.0,,,86.1,82.6
48,423,76.7,,43.2,,
48,439,83.6,82.7,44.6,66.9,67.2
48,451,81.9,,,,
48,453,86.1,81.1,49.5,66.2,69.2
48,479,74.4,,,,
48,485,78.2,,,,
48,491,85.6,84.4,43.5,,
49,3,71.9,81.1,32.6,63.9,81.1
49,5,73.4,80.6,54.3,65.1,74.3
49,7,67.3,73.3,25.1,60.8,69.8
49,11,80.1,79.3,41.5,60.5,72.5
49,13,66.0,,35.8,40.6,68.2
49,15,70.6,,23.3,,
49,19,75.8,,32.9,,
49,21,,,40.8,,
49,23,,,19.7,,
49,27,71.8,,27.0,,
49,35,78.2,77.3,47.6,68.5,72.7
49,39,,,26.8,67.6,62.7
49,41,61.5,,32.9,,
49,43,91.5,80.6,47.0,58.1,70.0
49,45,77.3,70.5,42.3,68.5,75.3
49,47,72.3,70.4,29.4,52.6,65.9
49,49,69.9,67.2,35.7,68.7,71.1
49,51,78.2,76.1,48.0,,
49,53,71.5,75.3,42.4,66.0,72.2
49,57,75.4,72.8,43.9,69.6,73.6
50,1,83.7,84.6,47.0,63.5,71.8
50,3,82.9,80.6,59.1,76.5,74.3
50,5,83.6,78.2,43.1,64.0,67.1
50,7,86.6,81.3,56.0,68.7,76.7
50,9,79.9,72.7,41.7,,56.0
50,11,85.3,78.9,43.9,60.6,63.4
50,13,84.4,76.3,56.6,,
50,15,83.9,82.9,59.7,65.0,70.1
50,17,84.7,81.7,46.5,60.2,64.2
50,19,81.2,80.8,47.9,69.2,71.1
50,21,82.2,80.6,43.6,64.7,66.4
50,23,87.6,83.7,53.2,67.0,74.6
50,25,81.2,74.6,43.6,68.2,73.2
50,27,80.4,80.2,46.9,65.8,68.0
51,1,79.3,83.5,41.5,,
51,3,85.1,92.2,55.2,76.7,74.2
51,13,86.8,,,,
51,19,85.2,,,,
51,25,91.4,,,,
51,41,87.2,81.4,58.7,,66.9
51,53,92.1,,,,
51,59,87.2,79.8,60.1,,72.8
51,61,84.2,,,,
51,67,83.4,,,,
51,69,82.4,86.5,,,
51,83,85.9,,,,
51,85,87.0,,51.8,,
51,87,88.7,85.6,55.6,56.6,65.4
51,89,81.9,,42.9,,
51,93,94.6,,,,
51,95,,88.5,,,
51,105,82.8,,,,
51,107,90.3,82.6,58.5,,
51,117,88.1,83.3,,,
51,121,89.9,,,,
51,131,,89.7,,,
51,135,86.5,,,,
51,143,86.1,83.0,35.9,,
51,149,91.0,,,,
51,153,89.7,88.1,55.6,,
51,161,81.2,79.3,53.2,71.1,
51,171,83.5,,,,
51,177,84.8,,,,
51,179,85.0,,,,
51,185,76.7,,,,
51,187,93.0,,,,
51,195,89.3,,35.1,,
51,199,92.6,,,,
51,510,,81.4,56.9,,
51,550,86.2,84.1,55.9,,70.9
51,590,83.5,,,,
51,650,85.0,,54.9,,
51,680,87.0,85.4,,88.4,
51,700,86.3,,52.6,,
51,710,86.7,85.2,53.5,69.1,68.6
51,730,93.9,,,,
51,740,86.4,88.8,62.4,,70.6
51,760,84.8,83.0,52.9,65.2,67.6
51,770,78.7,73.5,39.7,76.3,69.3
51,800,86.9,89.7,,,
51,810,87.0,79.8,61.8,66.3,63.4
53,3,,,,,79.7
53,5,79.7,76.2,44.8,59.6,67.8
53,7,80.5,75.3,49.8,64.6,70.0
53,9,72.5,71.7,52.1,71.9,70.1
53,11,82.1,80.5,51.8,72.9,71.2
53,13,85.5,,,,82.4
53,15,79.0,,46.6,66.7,76.3
53,17,74.6,89.3,,,
53,19,84.3,,,,
53,21,79.5,,,,72.2
53,23,,82.6,,81.3,82.3
53,25,74.9,81.4,40.0,67.9,69.3
53,27,80.7,,39.7,58.0,57.8
53,29,77.9,80.2,49.9,66.6,67.7
53,31,79.1,78.9,55.5,65.1,71.4
53,33,83.1,82.5,51.4,66.6,71.8
53,35,81.2,81.3,52.5,69.6,71.6
53,37,82.1,,,,
53,39,81.7,,,,
53,41,73.1,64.2,42.0,59.8,59.5
53,43,89.6,85.1,,,
53,45,73.1,,44.4,67.9,66.2
53,47,82.7,,,69.3,
53,49,,,,75.6,
53,53,80.7,79.1,50.0,68.2,69.6
53,55,81.2,81.3,,,
53,57,78.8,77.5,46.6,71.8,73.0
53,59,,,,,83.6
53,61,81.3,80.4,48.0,66.7,73.0
53,63,81.5,80.9,46.3,67.7,67.0
53,65,79.1,,,51.6,56.1
53,67,78.9,78.4,44.8,69.3,70.2
53,71,69.5,,47.2,67.0,63.3
53,73,75.7,81.7,45.7,70.7,70.4
53,75,85.6,88.7,,70.4,74.5
53,77,75.4,79.3,41.8,59.8,67.5
54,1,77.3,,,,
54,3,81.9,79.5,41.1,68.0,63.8
54,5,86.0,,31.7,,
54,9,,83.5,,,
54,11,82.2,77.1,42.2,62.0,63.6
54,19,77.1,73.0,35.4,55.6,60.1
54,23,92.0,,,,
54,25,83.9,78.8,41.9,66.8,73.4
54,29,,,,71.0,
54,33,78.0,80.2,31.4,54.6,59.8
54,35,80.5,,,,
54,37,82.8,79.9,38.7,,
54,39,81.4,80.8,43.0,71.0,69.4
54,41,80.7,,,,
54,45,72.7,,31.2,,68.8
54,47,77.6,,34.0,,
54,49,75.4,74.6,41.8,62.0,70.5
54,51,80.6,,28.6,,
54,53,71.3,84.8,,,
54,55,77.3,74.8,38.3,71.9,70.3
54,57,81.9,,,,
54,59,66.6,,26.4,,
54,61,82.6,82.9,44.2,63.6,65.1
54,65,85.9,,,,
54,67,75.0,,33.6,,
54,69,80.6,,43.3,66.8,73.2
54,77,86.0,,,,
54,79,82.7,,41.3,57.6,68.7
54,81,78.6,75.3,40.9,66.3,67.9
54,83,85.5,81.0,30.7,,
54,97,87.8,,,,
54,99,77.9,,32.5,70.5,66.9
54,107,83.6,84.1,44.8,61.5,65.0
54,109,81.9,,,,
55,1,85.9,,,,
55,9,85.1,84.4,58.9,64.2,70.1
55,15,93.4,,,,
55,17,81.2,,,,
55,21,84.9,,,,
55,25,86.2,80.7,54.1,71.6,76.3
55,27,81.2,,40.2,,
55,29,91.3,,,,
55,33,86.0,,,,
55,35,86.0,,,,
55,39,79.2,71.8,36.6,,66.7
55,43,78.4,,,,
55,45,85.4,,,,
55,55,79.9,,,,
55,59,78.8,81.2,66.3,,71.8
55,63,84.3,89.3,61.5,,78.3
55,71,83.7,77.2,51.4,,
55,73,83.0,79.8,56.9,,73.5
55,79,84.6,83.3,49.0,68.2,74.2
55,81,79.4,,,,
55,83,81.8,,,,
55,87,87.0,83.6,55.6,71.4,71.0
55,89,82.9,83.2,,,
55,93,88.8,,,,
55,97,85.8,,,,
55,101,87.6,82.4,45.3,79.4,75.7
55,105,82.6,84.3,52.6,60.0,73.2
55,109,82.2,,,,
55,111,80.7,,,,
55,115,79.2,,,,
55,117,79.2,,50.9,72.6,
55,127,81.3,,,,
55,131,89.6,,52.5,,
55,133,85.4,83.6,47.4,71.8,80.1
55,135,79.1,,,,
55,139,81.1,86.4,61.4,66.3,75.0
55,141,75.7,80.3,,,82.9
56,1,80.7,69.7,41.8,77.3,75.5
56,3,73.0,69.3,27.3,61.1,63.2
56,5,85.0,75.4,30.5,65.1,67.4
56,7,72.3,67.5,27.2,66.5,66.8
56,9,77.0,76.1,37.3,68.3,74.1
56,11,85.1,71.6,34.8,,
56,13,77.1,67.7,31.3,67.0,68.0
56,15,78.2,72.3,31.4,61.6,61.6
56,17,77.0,72.0,28.8,,
56,19,72.0,78.3,41.1,,69.4
56,21,82.7,80.9,43.7,71.3,76.1
56,23,72.0,67.1,33.0,67.4,73.5
56,25,79.9,73.3,47.8,77.1,74.5
56,27,73.5,,,,
56,29,76.9,71.1,40.5,73.4,70.8
56,31,74.1,72.1,33.7,66.1,74.1
56,33,79.8,71.8,52.6,68.1,74.2
56,35,75.5,69.2,32.6,,
56,37,79.2,71.8,32.0,71.9,75.8
56,39,84.3,77.1,46.8,63.6,67.6
56,41,76.4,72.2,32.5,65.1,71.3
56,43,66.7,69.6,36.6,,70.2
56,45,75.5,67.0,39.5,77.3,75.3
